name;age;email;gender
zzcvzcvzxcv;;fasdasdf@df.sdfg;0
hdfghdfghdfgh;;hgssdfgf@dfgsdfgsd.dsfg;0
hdfghdfghdfgh;;hgssdfgf@dfgsdfgsd.dsfg;0
hdfghdfghdfgh;;hgssdfgf@dfgsdfgsd.dsfg;0
dafasdfasdfadfasdf;;DASFAFA@GF.SG;0
hidden;;fasdasdf@df.sdfg;0
dasfadsfasdfasdf;;fdsafasdf@dgssdfg.sda;0
fasdfasdf;;fasdasdf@df.sdfg;0
"owner name of petcy";;fdsfsdf@dfsdf.ds;0
Katy;;katy@fsdf.asd;0
Lisa;;lisa@fsdf.sdfsdf;0
sdasdasd;;sdfgsdfg@fsgsdfg.shdg;0
sdasdasd;;sdfgsdfg@fsgsdfg.shdg;0
dasdasdas;;sdfasdfasdf@adf.asdf;0
dasdasdas;;hgssdfgf@dfgsdfgsd.dsfg;0
sdfgsdfgsdfg;;sdfgsdfg@fsgsdfg.shdg;0
dasdasdas;;sdfasdfasdf@adf.asdf;0
fdsgsfgsfg;;sdfasdfasdf@adf.asdf;0
dfgasdfasdf;;sdfasdfasdf@adf.asdf;0
dadfadsfasdfsdaf;;sdfasdfasdf@adf.asdf;0
dfgsdfgsfgsfdg;;sdfasdfasdf@adf.asdf;0
sdfgsdfgsdfg;;fdsafasdf@dgssdfg.sda;0
sdfgsdfg;;sdfasdfasdf@adf.asdf;0
dfgasdfasdf;;sadfasd@ry.gdg;0
fasdfasdf;;sdfsdf@gdf.dsa;0
sdasdasdasd;;sdfasdfasdf@adf.asdf;0
dasfadsfasdfasdf;;sadfasd@ry.gdg;0
dfadfadfadsf;;sdfasdfasdf@adf.asdf;0
fadfasdfadf;;DASFAFA@GF.SG;0
